program_id,program_name,qualified_program_name,begin_annotation_id,end_annotation_id
1,GRAVITATIONAL_WAVE_DETECTION,GRAVITATIONAL_WAVE_DETECTION,1,232
2,LOAD_DATA,GRAVITATIONAL_WAVE_DETECTION.LOAD_DATA,57,75
3,AMPLITUDE_SPECTRAL_DENSITY,GRAVITATIONAL_WAVE_DETECTION.AMPLITUDE_SPECTRAL_DENSITY,76,90
4,WHITENING,GRAVITATIONAL_WAVE_DETECTION.WHITENING,91,101
5,BANDPASSING,GRAVITATIONAL_WAVE_DETECTION.BANDPASSING,102,112
6,STRAIN_WAVEFORM,GRAVITATIONAL_WAVE_DETECTION.STRAIN_WAVEFORM,113,122
7,SPECTROGRAMS,GRAVITATIONAL_WAVE_DETECTION.SPECTROGRAMS,123,136
8,SPECTROGRAMS,GRAVITATIONAL_WAVE_DETECTION.SPECTROGRAMS,137,150
9,FILTER_COEFS,GRAVITATIONAL_WAVE_DETECTION.FILTER_COEFS,151,156
10,FILTER_DATA,GRAVITATIONAL_WAVE_DETECTION.FILTER_DATA,157,172
11,STRAIN_WAVEFORM,GRAVITATIONAL_WAVE_DETECTION.STRAIN_WAVEFORM,173,185
12,WAVE_FILE_GENERATOR,GRAVITATIONAL_WAVE_DETECTION.WAVE_FILE_GENERATOR,186,196
13,SHIFT_FREQUENCY_BANDPASSED,GRAVITATIONAL_WAVE_DETECTION.SHIFT_FREQUENCY_BANDPASSED,197,207
14,WAVE_FILE_GENERATOR,GRAVITATIONAL_WAVE_DETECTION.WAVE_FILE_GENERATOR,208,218
15,DOWNSAMPLING,GRAVITATIONAL_WAVE_DETECTION.DOWNSAMPLING,219,231
